source_file,court_name,court_code,tyler_code,phone,fax,has_po_box,local_address1,local_city,local_state,local_zip,local_county,local_orig_address,massgov_name,massgov_match_score,massgov_address1,massgov_address2,massgov_city,massgov_state,massgov_zip,massgov_url,address_match,city_match,recommended_action,preferred_source,notes,verified_address1,verified_address2,verified_city,verified_state,verified_zip,verification_source_name,verification_source_url,verification_notes,secondary_address1,secondary_address2,secondary_city,secondary_state,secondary_zip,secondary_source_name,secondary_source_url,secondary_source_notes,secondary_source_confidence,final_action
appeals_court.json,Massachusetts Appeals Court (Panel),P,appeals:acp,(617) 921-4443,,False,1 Pemberton Square,Boston,MA,02108,Suffolk County,"1 Pemberton Square, Room 1200, Boston, MA 02108",,,,,,,,,False,False,no_change,massgov,Address on Appeals Court page matches local orig_address; keep local address line but consider adding room detail if needed.,"John Adams Courthouse, One Pemberton Square, Room 1200",,Boston,MA,02108,Mass.gov Appeals Court page,https://www.mass.gov/orgs/appeals-court,Address on Appeals Court page matches local orig_address; keep local address line but consider adding room detail if needed.,,,,,,,,,,no_change
appeals_court.json,Massachusetts Appeals Court (Single Justice),J,appeals:acsj,(617) 921-4443,,False,1 Pemberton Square,Boston,MA,02108,Suffolk County,"1 Pemberton Square, Room 1200, Boston, MA 02108",,,,,,,,,False,False,no_change,massgov,Address on Appeals Court page matches local orig_address; keep local address line but consider adding room detail if needed.,"John Adams Courthouse, One Pemberton Square, Room 1200",,Boston,MA,02108,Mass.gov Appeals Court page,https://www.mass.gov/orgs/appeals-court,Address on Appeals Court page matches local orig_address; keep local address line but consider adding room detail if needed.,,,,,,,,,,no_change
bmc.json,"Brighton Division, Boston Municipal Court",08,418,"(617) 782-6540, Press 5",(617) 254-2127,False,52 Academy Hill Rd.,Brighton,MA,02135,Suffolk County,"52 Academy Hill Rd., Brighton, MA 02135","Brighton Division, Boston Municipal Court",1.30,52 Academy Hill Rd.,,Brighton,MA,02135,https://www.mass.gov/locations/brighton-division-boston-municipal-court,True,True,no_change,local,Address matches mass.gov,,,,,,,,,,,,,,,,,,
bmc.json,"Central Division, Boston Municipal Court",01,1245,(617) 788-8600,(617) 788-8465,False,24 New Chardon Street,"Edward W. Brooke Courthouse, Boston",MA,02114,Suffolk County,"24 New Chardon Street, Edward W. Brooke Courthouse, Boston, MA 02114","Central Division, Boston Municipal Court",1.20,24 New Chardon Street,Edward W. Brooke Courthouse,Boston,MA,02114,https://www.mass.gov/locations/central-division-boston-municipal-court,True,False,no_change,local,Address matches mass.gov,,,,,,,,,,,,,,,,,,
bmc.json,"Charlestown Division, Boston Municipal Court",04,419,(617) 242-5400,(617) 242-1677,False,3 City Square,Charlestown,MA,02129,Suffolk County,"3 City Square, Charlestown, MA 02129","Charlestown Division, Boston Municipal Court",1.30,3 City Square,,Charlestown,MA,02129,https://www.mass.gov/locations/charlestown-division-boston-municipal-court,True,True,no_change,local,Address matches mass.gov,,,,,,,,,,,,,,,,,,
bmc.json,"Dorchester Division, Boston Municipal Court",07,420,(617) 288-9500,(617) 436-8250 ,False,510 Washington St.,Dorchester,MA,02124,Suffolk County,"510 Washington St., Dorchester, MA 02124","Dorchester Division, Boston Municipal Court",1.30,510 Washington St.,,Dorchester,MA,02124,https://www.mass.gov/locations/dorchester-division-boston-municipal-court,True,True,no_change,local,Address matches mass.gov,,,,,,,,,,,,,,,,,,
bmc.json,"East Boston Division, Boston Municipal Court",05,408,(617) 569-7550,(617) 561-4988 ,False,37 Meridian St.,East Boston,MA,02128,Suffolk County,"37 Meridian St., East Boston, MA 02128","East Boston Division, Boston Municipal Court",1.30,37 Meridian St.,,East Boston,MA,02128,https://www.mass.gov/locations/east-boston-division-boston-municipal-court,True,True,no_change,local,Address matches mass.gov,,,,,,,,,,,,,,,,,,
bmc.json,"Roxbury Division, Boston Municipal Court",02,417,(617) 427-7000,(617) 541-0286,False,85 Warren St.,Roxbury,MA,02119,Suffolk County,"85 Warren St., Roxbury, MA 02119","Roxbury Division, Boston Municipal Court",1.30,85 Warren St.,,Roxbury,MA,02119,https://www.mass.gov/locations/roxbury-division-boston-municipal-court,True,True,no_change,local,Address matches mass.gov,,,,,,,,,,,,,,,,,,
bmc.json,"West Roxbury Division, Boston Municipal Court",06,665,(617) 971-1200,(617) 983-0243 ,False,445 Arborway,Jamaica Plain,MA,02130,Suffolk County,"445 Arborway, Jamaica Plain, MA 02130","West Roxbury Division, Boston Municipal Court",1.30,445 Arborway,,Jamaica Plain,MA,02130,https://www.mass.gov/locations/west-roxbury-division-boston-municipal-court,True,True,no_change,local,Address matches mass.gov,,,,,,,,,,,,,,,,,,
bmc.json,"South Boston Division, Boston Municipal Court",03,409,(617) 268-9292,(617) 268-7321,False,535 East Broadway,South Boston,MA,02127,Suffolk County,"535 East Broadway, South Boston, MA 02127","South Boston Division, Boston Municipal Court",1.30,535 East Broadway,,South Boston,MA,02127,https://www.mass.gov/locations/south-boston-division-boston-municipal-court,True,True,no_change,local,Address matches mass.gov,,,,,,,,,,,,,,,,,,
district_courts.json,Attleboro District Court,34,438,(508) 222-5900 ,,False,88 North Main St.,Attleboro,MA,02703,Bristol County,"88 North Main St., Attleboro, MA 02703",Attleboro District Court,1.30,88 North Main St.,,Attleboro,MA,02703,https://www.mass.gov/locations/attleboro-district-court,True,True,no_change,local,Address matches mass.gov,,,,,,,,,,,,,,,,,,
district_courts.json,Ayer District Court,48,336,(978) 772-2100,(978) 772-5345,False,25 East Main St.,Ayer,MA,01432,Middlesex County,"25 East Main St., Ayer, MA 01432",Ayer District Court,1.30,25 East Main St.,,Ayer,MA,01432,https://www.mass.gov/locations/ayer-district-court,True,True,no_change,local,Address matches mass.gov,,,,,,,,,,,,,,,,,,
district_courts.json,Barnstable District Court,25,815,(508) 375-6778,,True,"3195 Main St., P.O. Box 398",Barnstable,MA,02630,Barnstable County,"3195 Main St., P.O. Box 398, Barnstable, MA 02630",Barnstable District Court,1.25,3195 Main St.,,Barnstable,MA,02630,https://www.mass.gov/locations/barnstable-district-court,True,True,no_change,local,Address matches mass.gov,,,,,,,,,,,,,,,,,,
district_courts.json,Brockton District Court,15,805,(508) 587-8000,(508) 587-6791,False,215 Main St.,Brockton,MA,02301,Plymouth County,"215 Main St., Brockton, MA 02301",Brockton District Court,1.30,215 Main St.,,Brockton,MA,02301,https://www.mass.gov/locations/brockton-district-court,True,True,no_change,local,Address matches mass.gov,,,,,,,,,,,,,,,,,,
district_courts.json,Brookline District Court,09,506,(617) 232-4660,,False,360 Washington St.,Brookline,MA,02445,Norfolk County,"360 Washington St., Brookline, MA 02445",Brookline District Court,1.30,360 Washington St.,,Brookline,MA,02445,https://www.mass.gov/locations/brookline-district-court,True,True,no_change,local,Address matches mass.gov,,,,,,,,,,,,,,,,,,
district_courts.json,Cambridge District Court,52,490,(781) 306-2715,(781) 395-2035,False,4040 Mystic Valley Parkway,Medford,MA,02155,Middlesex County,"4040 Mystic Valley Parkway, Medford, MA 02155",Cambridge District Court,1.30,4040 Mystic Valley Parkway,,Medford,MA,02155,https://www.mass.gov/locations/cambridge-district-court,True,True,no_change,local,Address matches mass.gov,,,,,,,,,,,,,,,,,,
district_courts.json,Chelsea District Court,14,398,(617) 660-9200,(617) 660-9215,False,120 Broadway,Chelsea,MA,02150,Suffolk County,"120 Broadway, Chelsea, MA 02150",Chelsea District Court,1.30,120 Broadway,,Chelsea,MA,02150,https://www.mass.gov/locations/chelsea-district-court,True,True,no_change,local,Address matches mass.gov,,,,,,,,,,,,,,,,,,
district_courts.json,Chicopee District Court,20,455,(413) 598-0099,(413) 594-6187,False,30 Church St.,Chicopee,MA,01020,Hampden County,"30 Church St., Chicopee, MA 01020",Chicopee District Court,1.30,30 Church St.,,Chicopee,MA,01020,https://www.mass.gov/locations/chicopee-district-court,True,True,no_change,local,Address matches mass.gov,,,,,,,,,,,,,,,,,,
district_courts.json,Clinton District Court,68,411,(978) 368-7811,(978) 368-7827,False,300 Boylston St.,Clinton,MA,01510,Worcester County,"300 Boylston St., Clinton, MA 01510",Clinton District Court,1.30,300 Boylston St.,,Clinton,MA,01510,https://www.mass.gov/locations/clinton-district-court,True,True,no_change,local,Address matches mass.gov,,,,,,,,,,,,,,,,,,
district_courts.json,Concord District Court,47,383,(978) 369-0500,(978) 371-2945,False,305 Walden St.,Concord,MA,01742,Middlesex County,"305 Walden St., Concord, MA 01742",Concord District Court,1.30,305 Walden St.,,Concord,MA,01742,https://www.mass.gov/locations/concord-district-court,True,True,no_change,local,Address matches mass.gov,,,,,,,,,,,,,,,,,,
district_courts.json,Dedham District Court,54,507,(781) 329-4777,,False,631 High St.,Dedham,MA,02026,Norfolk County,"631 High St., Dedham, MA 02026",Dedham District Court,1.30,631 High St.,,Dedham,MA,02026,https://www.mass.gov/locations/dedham-district-court,True,True,no_change,local,Address matches mass.gov,,,,,,,,,,,,,,,,,,
district_courts.json,Dudley District Court,64,447,(508) 943-7123,,False,279 West Main St.,Dudley,MA,01571,Worcester County,"279 West Main St., Dudley, MA 01571",Dudley District Court,1.30,279 West Main St.,,Dudley,MA,01571,https://www.mass.gov/locations/dudley-district-court,True,True,no_change,local,Address matches mass.gov,,,,,,,,,,,,,,,,,,
district_courts.json,East Brookfield District Court,69,449,(508) 885-6305,(508) 885-7623,False,544 East Main St.,East Brookfield,MA,01515,Worcester County,"544 East Main St., East Brookfield, MA 01515",East Brookfield District Court,1.30,544 East Main Street,,East Brookfield,MA,01515,https://www.mass.gov/locations/east-brookfield-district-court,True,True,no_change,local,Address matches mass.gov,,,,,,,,,,,,,,,,,,
district_courts.json,Eastern Hampshire District Court,98,453,(413) 323-4056,(413) 323-6803,False,205 State St.,Belchertown,MA,01007,Hampshire County,"205 State St., Route 202, Belchertown, MA 01007",Eastern Hampshire District Court,1.30,205 State St.,Route 202,Belchertown,MA,01007,https://www.mass.gov/locations/eastern-hampshire-district-court,True,True,no_change,local,Address matches mass.gov,,,,,,,,,,,,,,,,,,
district_courts.json,Edgartown District Court,35,484,,,False,81 Main St.,Edgartown,MA,02539,Dukes County,"81 Main St., Edgartown, MA 02539",Edgartown District Court,1.30,81 Main St.,P.O. Box 1284,Edgartown,MA,02539,https://www.mass.gov/locations/edgartown-district-court,True,True,no_change,local,Address matches mass.gov,,,,,,,,,,,,,,,,,,
district_courts.json,Fall River District Court,32,470,,,False,186 S. Main St.,Fall River,MA,02720,Bristol County,"186 S. Main St., 5th Floor, Fall River, MA 02720",Fall River District Court,1.30,186 S. Main St.,2nd Floor,Fall River,MA,02721,https://www.mass.gov/locations/fall-river-district-court,True,True,no_change,local,Address matches mass.gov,,,,,,,,,,,,,,,,,,
district_courts.json,Falmouth District Court,89,486,(508) 495-1500,,False,161 Jones Rd.,Falmouth,MA,02540,Barnstable County,"161 Jones Rd., Falmouth, MA 02540",Falmouth District Court,1.30,161 Jones Rd.,,Falmouth,MA,02540,https://www.mass.gov/locations/falmouth-district-court,True,True,no_change,local,Address matches mass.gov,,,,,,,,,,,,,,,,,,
district_courts.json,Fitchburg District Court,16,413,(978) 345-2111,(978) 342-2461,False,100 Elm St.,Fitchburg,MA,01420,Worcester County,"100 Elm St., Fitchburg, MA 01420",Fitchburg District Court,1.30,100 Elm St.,,Fitchburg,MA,01420,https://www.mass.gov/locations/fitchburg-district-court,True,True,no_change,local,Address matches mass.gov,,,,,,,,,,,,,,,,,,
district_courts.json,Framingham District Court,49,429,(508) 875-7461,,False,"600 Concord St., PO Box 1969",Framingham,MA,01701,Middlesex County,"600 Concord St., PO Box 1969, Framingham, MA 01701",Framingham District Court,1.25,600 Concord St.,,Framingham,MA,01701,https://www.mass.gov/locations/framingham-district-court,True,True,no_change,local,Address matches mass.gov,,,,,,,,,,,,,,,,,,
district_courts.json,Natick District Court,87,443,(508) 620-9110,(508) 620-9118,False,600 Concord St.,Framingham,MA,01701,Middlesex County,"600 Concord St., Framingham, MA 01701",Natick District Court,1.30,600 Concord St.,,Framingham,MA,01701,https://www.mass.gov/locations/natick-district-court,True,True,no_change,local,Address matches mass.gov,,,,,,,,,,,,,,,,,,
district_courts.json,Gardner District Court,63,422,(978) 632-2373,(978) 630-3902,False,108 Matthews St.,Gardner,MA,01440,Worcester County,"108 Matthews St., Gardner, MA 01440",Gardner District Court,1.30,108 Matthews St.,,Gardner,MA,01440,https://www.mass.gov/locations/gardner-district-court,True,True,no_change,local,Address matches mass.gov,,,,,,,,,,,,,,,,,,
district_courts.json,Gloucester District Court,39,389,(978) 283-2620,(978) 283-8784,False,197 Main St.,Gloucester,MA,01930,Essex County,"197 Main St., Gloucester, MA 01930",Gloucester District Court,1.30,197 Main Street,,Gloucester,MA,01930,https://www.mass.gov/locations/gloucester-district-court,True,True,no_change,local,Address matches mass.gov,,,,,,,,,,,,,,,,,,
district_courts.json,Greenfield District Court,41,465,(413) 774-5533,(413) 774-5328,False,43 Hope St.,Greenfield,MA,01301,Franklin County,"43 Hope St., Greenfield, MA 01301",Greenfield District Court,1.30,43 Hope St.,,Greenfield,MA,01301,https://www.mass.gov/locations/greenfield-district-court,True,True,no_change,local,Address matches mass.gov,,,,,,,,,,,,,,,,,,
district_courts.json,Haverhill District Court,38,395,(978) 521-7300,,False,45 Ginty Boulevard,Haverhill,MA,01831,Essex County,"45 Ginty Boulevard, Haverhill, MA 01831",Haverhill District Court,1.30,45 Ginty Boulevard,,Haverhill,MA,01831,https://www.mass.gov/locations/haverhill-district-court,True,True,no_change,local,Address matches mass.gov,,,,,,,,,,,,,,,,,,
district_courts.json,Hingham District Court,58,478,(781) 749-7000,(781) 740-8390,False,28 George Washington Blvd.,Hingham,MA,02043,Plymouth County,"28 George Washington Blvd., Hingham, MA 02043",Hingham District Court,1.30,28 George Washington Blvd.,,Hingham,MA,02043,https://www.mass.gov/locations/hingham-district-court,True,True,no_change,local,Address matches mass.gov,,,,,,,,,,,,,,,,,,
district_courts.json,Holyoke District Court,17,458,(413) 538-9710,(413) 533-7165,False,20 Court Plaza,Holyoke,MA,01040,Hampden County,"20 Court Plaza, Holyoke, MA 01040",Holyoke District Court,1.30,20 Court Plaza,,Holyoke,MA,01040,https://www.mass.gov/locations/holyoke-district-court,True,True,no_change,local,Address matches mass.gov,,,,,,,,,,,,,,,,,,
district_courts.json,Ipswich District Court,40,384,(978) 462-2652,(978) 462-5641,False,188 State St.,Newburyport,MA,01950,Essex County,"188 State St., Newburyport, MA 01950",Ipswich District Court,1.30,188 State St.,,Newburyport,MA,01950,https://www.mass.gov/locations/ipswich-district-court,True,True,no_change,local,Address matches mass.gov,,,,,,,,,,,,,,,,,,
district_courts.json,Lawrence District Court,18,397,(978) 687-7184,,False,2 Appleton St.,Lawrence,MA,01840,Essex County,"Fenton Judicial Center, 2 Appleton St., Lawrence, MA 01840",Lawrence District Court,1.30,2 Appleton St.,,Lawrence,MA,01840,https://www.mass.gov/locations/lawrence-district-court,True,True,no_change,local,Address matches mass.gov,,,,,,,,,,,,,,,,,,
district_courts.json,Leominster District Court,61,424,(978) 537-3722,(978) 537-3970,False,25 School St.,Leominster,MA,01453,Worcester County,"25 School St., Leominster, MA 01453",Leominster District Court,1.30,25 School St.,,Leominster,MA,01453,https://www.mass.gov/locations/leominster-district-court,True,True,no_change,local,Address matches mass.gov,,,,,,,,,,,,,,,,,,
district_courts.json,Lowell District Court,11,435,(978) 459-4101,(978) 937-2486,False,370 Jackson St.,Lowell,MA,01852,Middlesex County,"370 Jackson St., Lowell, MA 01852",Lowell District Court,1.30,370 Jackson St.,,Lowell,MA,01852,https://www.mass.gov/locations/lowell-district-court,True,True,no_change,local,Address matches mass.gov,,,,,,,,,,,,,,,,,,
district_courts.json,Lynn District Court,13,400,(781) 598-5200,(781) 598-4350,False,580 Essex St.,Lynn,MA,01901,Essex County,"580 Essex St., Lynn, MA 01901",Lynn District Court,1.30,580 Essex St.,,Lynn,MA,01901,https://www.mass.gov/locations/lynn-district-court,True,True,no_change,local,Address matches mass.gov,,,,,,,,,,,,,,,,,,
district_courts.json,Malden District Court,50,491,(781) 322-7500,(781) 322-0169,False,4040 Mystic Valley Parkway,Medford,MA,02155,Middlesex County,"4040 Mystic Valley Parkway, Medford, MA 02155",Malden District Court,1.30,4040 Mystic Valley Parkway,,Medford,MA,02155,https://www.mass.gov/locations/malden-district-court,True,True,no_change,local,Address matches mass.gov,,,,,,,,,,,,,,,,,,
district_courts.json,Marlborough District Court,21,430,(508) 485-3700,(508) 485-1575,False,45 Williams St.,Marlborough,MA,01752,Middlesex County,"45 Williams St., Marlborough, MA 01752",Marlborough District Court,1.30,45 Williams St.,,Marlborough,MA,01752,https://www.mass.gov/locations/marlborough-district-court,True,True,no_change,local,Address matches mass.gov,,,,,,,,,,,,,,,,,,
district_courts.json,Milford District Court,66,431,(508) 473-1260,(508) 634-8477,False,161 West St.,Milford,MA,01757,Worcester County,"161 West St., Milford, MA 01757",Milford District Court,1.30,161 West St.,,Milford,MA,01757,https://www.mass.gov/locations/milford-district-court,True,True,no_change,local,Address matches mass.gov,,,,,,,,,,,,,,,,,,
district_courts.json,Nantucket District Court,88,487,(508) 228-0460,(508) 325-5759,False,16 Broad St.,Nantucket,MA,02554,Nantucket County,"16 Broad St., Nantucket, MA 02554",Nantucket District Court,1.30,16 Broad St.,,Nantucket,MA,02554,https://www.mass.gov/locations/nantucket-district-court,True,True,no_change,local,Address matches mass.gov,,,,,,,,,,,,,,,,,,
district_courts.json,New Bedford District Court,33,473,(508) 999-9700,(508) 990-8094 ,False,75 N. Sixth St.,New Bedford,MA,02740,Bristol County,"75 N. Sixth St., New Bedford, MA 02740",New Bedford District Court,1.30,75 N. Sixth St.,,New Bedford,MA,02740,https://www.mass.gov/locations/new-bedford-district-court,True,True,no_change,local,Address matches mass.gov,,,,,,,,,,,,,,,,,,
district_courts.json,Newburyport District Court,22,387,(978) 462-2652,(978) 465-6471,False,188 State St.,Newburyport,MA,01950,Essex County,"188 State St., Newburyport, MA 01950",Newburyport District Court,1.30,188 State St.,,Newburyport,MA,01950,https://www.mass.gov/locations/newburyport-district-court,True,True,no_change,local,Address matches mass.gov,,,,,,,,,,,,,,,,,,
district_courts.json,Newton District Court,12,493,(617) 244-3600,(617) 243-7291,False,1309 Washington St.,West Newton,MA,02465,Middlesex County,"1309 Washington St., West Newton, MA 02465",Newton District Court,1.30,1309 Washington St.,,West Newton,MA,02465,https://www.mass.gov/locations/newton-district-court,True,True,no_change,local,Address matches mass.gov,,,,,,,,,,,,,,,,,,
district_courts.json,Northampton District Court,45,462,(413) 584-7400,(413) 586-1980,False,15 Gothic St.,Northampton,MA,01060,Hampshire County,"15 Gothic St., Northampton, MA 01060",Northampton District Court,1.30,15 Gothic St.,,Northampton,MA,01060,https://www.mass.gov/locations/northampton-district-court,True,True,no_change,local,Address matches mass.gov,,,,,,,,,,,,,,,,,,
district_courts.json,Northern Berkshire District Court,28,467,(413) 663-5339,(413) 664-7209,False,111 Holden St.,North Adams,MA,01247,Berkshire County,"111 Holden St., North Adams, MA 01247",Northern Berkshire District Court,1.30,111 Holden St.,,North Adams,MA,01247,https://www.mass.gov/locations/northern-berkshire-district-court,True,True,no_change,local,Address matches mass.gov,,,,,,,,,,,,,,,,,,
district_courts.json,Orange District Court,42,474,(978) 544-8277,(978) 544-5204,False,1 Court Square,Orange,MA,01364,Franklin County,"1 Court Square, Orange, MA 01364",Orange District Court,1.30,1 Court Square,,Orange,MA,01364,https://www.mass.gov/locations/orange-district-court,True,True,no_change,local,Address matches mass.gov,,,,,,,,,,,,,,,,,,
district_courts.json,Orleans District Court,26,494,(508) 255-4700,(508) 240-1150,False,237 Rock Harbor Road,Orleans,MA,02653,Barnstable County,"237 Rock Harbor Road, Orleans, MA 02653",Orleans District Court,1.30,237 Rock Harbor Road,,Orleans,MA,02653,https://www.mass.gov/locations/orleans-district-court,True,True,no_change,local,Address matches mass.gov,,,,,,,,,,,,,,,,,,
district_courts.json,Palmer District Court,43,451,(413) 283-8916,(413) 283-6775,False,235 Sykes St.,Palmer,MA,01069,Hampden County,"235 Sykes St., Suite 3, Palmer, MA 01069",Palmer District Court,1.30,235 Sykes St.,Suite 3,Palmer,MA,01069,https://www.mass.gov/locations/palmer-district-court,True,True,no_change,local,Address matches mass.gov,,,,,,,,,,,,,,,,,,
district_courts.json,Peabody District Court,86,402,(978) 532-3100,(978) 531-8524,False,1 Lowell St.,Peabody,MA,01960,Essex County,"1 Lowell St., Peabody, MA 01960",Peabody District Court,1.30,1 Lowell St.,,Peabody,MA,01960,https://www.mass.gov/locations/peabody-district-court,True,True,no_change,local,Address matches mass.gov,,,,,,,,,,,,,,,,,,
district_courts.json,Pittsfield District Court,27,476,(413) 499-0558,(413) 499-7327,True,"24 Wendell Ave., P.O. Box 875",Pittsfield,MA,01202,Berkshire County,"24 Wendell Ave., P.O. Box 875, Pittsfield, MA 01202",Pittsfield District Court,1.25,24 Wendell Ave.,P.O. Box 875,Pittsfield,MA,01202,https://www.mass.gov/locations/pittsfield-district-court,True,True,no_change,local,Address matches mass.gov,,,,,,,,,,,,,,,,,,
district_courts.json,Plymouth District Court,59,496,(508) 747-8400,(508) 830-9303,False,52 Obery St.,Plymouth,MA,02360,Plymouth County,"52 Obery St., Plymouth, MA 02360",Plymouth District Court,1.30,52 Obery St.,,Plymouth,MA,02360,https://www.mass.gov/locations/plymouth-district-court,True,True,no_change,local,Address matches mass.gov,,,,,,,,,,,,,,,,,,
district_courts.json,Quincy District Court,56,509,(617) 471-1650,(617) 472-1924,False,1 Dennis Ryan Parkway,Quincy,MA,02169,Norfolk County,"1 Dennis Ryan Parkway, Quincy, MA 02169",Quincy District Court,1.30,1150 Hancock St.,,Quincy,MA,02169,https://www.mass.gov/locations/quincy-district-court,True,True,no_change,local,Address matches mass.gov,,,,,,,,,,,,,,,,,,
district_courts.json,Salem District Court,36,391,(978) 744-1167,,False,56 Federal St.,Salem,MA,01970,Essex County,"56 Federal St., Salem, MA 01970",Salem District Court,1.30,56 Federal St.,,Salem,MA,01970,https://www.mass.gov/locations/salem-district-court,True,True,no_change,local,Address matches mass.gov,,,,,,,,,,,,,,,,,,
district_courts.json,Somerville District Court,10,504,(617) 666-8000,(617) 776-2111,False,175 Fellsway,Somerville,MA,02145,Middlesex County,"175 Fellsway, Somerville, MA 02145",Somerville District Court,1.30,175 Fellsway,,Somerville,MA,02145,https://www.mass.gov/locations/somerville-district-court,True,True,no_change,local,Address matches mass.gov,,,,,,,,,,,,,,,,,,
district_courts.json,Southern Berkshire District Court,29,477,(413) 528-3520,(413) 528-0757,False,9 Gilmore Ave.,Great Barrington,MA,01230,Berkshire County,"9 Gilmore Ave., Great Barrington, MA 01230",Southern Berkshire District Court,1.30,9 Gilmore Ave.,,Great Barrington,MA,01230,https://www.mass.gov/locations/southern-berkshire-district-court,True,True,no_change,local,Address matches mass.gov,,,,,,,,,,,,,,,,,,
district_courts.json,Springfield District Court,23,670,(413) 748-8600,,True,"50 State St., P.O. Box 2421",Springfield,MA,01102,Hampden County,"50 State St., P.O. Box 2421, Springfield, MA 01102",Springfield District Court,1.25,50 State St.,,Springfield,MA,01103,https://www.mass.gov/locations/springfield-district-court,True,True,no_change,local,Address matches mass.gov,,,,,,,,,,,,,,,,,,
district_courts.json,Stoughton District Court,55,514,(781) 344-2131,(781) 341-8744,False,1288 Central St.,Stoughton,MA,02072,Norfolk County,"1288 Central St., Stoughton, MA 02072",Stoughton District Court,1.30,1288 Central St.,,Stoughton,MA,02072,https://www.mass.gov/locations/stoughton-district-court,True,True,no_change,local,Address matches mass.gov,,,,,,,,,,,,,,,,,,
district_courts.json,Taunton District Court,31,480,(508) 977-6000,(508) 824-2282,False,40 Broadway,Taunton,MA,02780,Bristol County,"40 Broadway, Taunton, MA 02780",Taunton District Court,1.30,40 Broadway,,Taunton,MA,02780,https://www.mass.gov/locations/taunton-district-court,True,True,no_change,local,Address matches mass.gov,,,,,,,,,,,,,,,,,,
district_courts.json,Uxbridge District Court,65,433,(508) 278-2454,(508) 278-2929,False,261 South Main Street,Uxbridge,MA,01569,Worcester County,"261 South Main Street, Uxbridge, MA 01569",Uxbridge District Court,1.30,261 South Main Street,,Uxbridge,MA,01569,https://www.mass.gov/locations/uxbridge-district-court,True,True,no_change,local,Address matches mass.gov,,,,,,,,,,,,,,,,,,
district_courts.json,Waltham District Court,51,502,(781) 894-4500,,False,38 Linden Street,Waltham,MA,02452,Middlesex County,"38 Linden Street, Waltham, MA 02452",Waltham District Court,1.30,38 Linden Street,,Waltham,MA,02452,https://www.mass.gov/locations/waltham-district-court,True,True,no_change,local,Address matches mass.gov,,,,,,,,,,,,,,,,,,
district_courts.json,Wareham District Court,60,497,(508) 295-8300,(508) 291-6376,False,2200 Cranberry Highway,Wareham,MA,02576,Plymouth County,"2200 Cranberry Highway, Wareham, MA 02576",Wareham District Court,1.30,2200 Cranberry Highway,,Wareham,MA,02576,https://www.mass.gov/locations/wareham-district-court,True,True,no_change,local,Address matches mass.gov,,,,,,,,,,,,,,,,,,
district_courts.json,Westborough District Court,67,426,(508) 366-8266,(508) 366-8268,False,186 Oak Street,Westborough,MA,01581,Worcester County,"186 Oak Street, Westborough, MA 01581",Westborough District Court,1.30,186 Oak Street,,Westborough,MA,01581,https://www.mass.gov/locations/westborough-district-court,True,True,no_change,local,Address matches mass.gov,,,,,,,,,,,,,,,,,,
district_courts.json,Westfield District Court,44,460,(413) 568-8946,(413) 568-4863,False,224 Elm Street,Westfield,MA,01085,Hampden County,"224 Elm Street, Westfield, MA 01085",Westfield District Court,1.30,224 Elm Street,,Westfield,MA,01085,https://www.mass.gov/locations/westfield-district-court,True,True,no_change,local,Address matches mass.gov,,,,,,,,,,,,,,,,,,
district_courts.json,Winchendon District Court,70,437,(978) 632-6326,(978) 632-3580,False,108 Matthews Street,"Gardner District Court, Gardner",MA,01440,Worcester County,"108 Matthews Street, Gardner District Court, Gardner, MA 01440",Gardner District Court,0.83,108 Matthews St.,,Gardner,MA,01440,https://www.mass.gov/locations/gardner-district-court,True,False,no_change,local,Address matches mass.gov,,,,,,,,,,,,,,,,,,
district_courts.json,Woburn District Court,53,588,(781) 935-4000,(781) 933-4404,False,30 Pleasant Street,Woburn,MA,01801,Middlesex County,"30 Pleasant Street, Woburn, MA 01801",Woburn District Court,1.30,30 Pleasant Street,,Woburn,MA,01801,https://www.mass.gov/locations/woburn-district-court,True,True,no_change,local,Address matches mass.gov,,,,,,,,,,,,,,,,,,
district_courts.json,Worcester District Court,62,672,(508) 831-2010,,False,225 Main St.,Worcester,MA,01608,Worcester County,"225 Main St., Worcester, MA 01608",Worcester District Court,1.30,225 Main St.,,Worcester,MA,01608,https://www.mass.gov/locations/worcester-district-court,True,True,no_change,local,Address matches mass.gov,,,,,,,,,,,,,,,,,,
district_courts.json,Wrentham District Court,57,445,(508) 384-3106,,False,60 East St.,Wrentham,MA,02093,Norfolk County,"60 East St., Wrentham, MA 02093",Wrentham District Court,1.30,60 East St.,,Wrentham,MA,02093,https://www.mass.gov/locations/wrentham-district-court,True,True,no_change,local,Address matches mass.gov,,,,,,,,,,,,,,,,,,
housing_courts.json,Central Housing Court - Dudley Session,H85,535,(508) 831-2050 ,,False,279 West Main St.,"Dudley District Court, Dudley",MA,01571,Worcester County,"279 West Main St., Dudley District Court, Dudley, MA 01571",Central Housing Court - Dudley Session,1.20,279 West Main St.,Dudley District Court,Dudley,MA,01571,https://www.mass.gov/locations/central-housing-court-dudley-session,True,False,no_change,local,Address matches mass.gov,,,,,,,,,,,,,,,,,,
housing_courts.json,Central Housing Court - Leominster Session,H85,535,(508) 831-2050 ,,False,25 School St.,"Leominster District Court, Leominster",MA,01453,Worcester County,"25 School St., Leominster District Court, Leominster, MA 01453",Central Housing Court - Leominster Session,1.20,25 School St.,Leominster District Court,Leominster,MA,01453,https://www.mass.gov/locations/central-housing-court-leominster-session,True,False,no_change,local,Address matches mass.gov,,,,,,,,,,,,,,,,,,
housing_courts.json,Central Housing Court - Marlborough Session,H85,535,(508) 831-2050 ,,False,45 Williams St.,"Marlborough District Court, Marlborough",MA,01752,Middlesex County,"45 Williams St., Marlborough District Court, Marlborough, MA 01752",Central Housing Court - Marlborough Session,1.20,45 Williams St.,Marlborough District Court,Marlborough,MA,01752,https://www.mass.gov/locations/central-housing-court-marlborough-session,True,False,no_change,local,Address matches mass.gov,,,,,,,,,,,,,,,,,,
housing_courts.json,Central Housing Court - Worcester Session,H85,535,(508) 831-2050,,False,225 Main St.,Worcester,MA,01608,Worcester County,"225 Main St., Worcester, MA 01608",Central Housing Court - Worcester Session,1.30,225 Main St.,,Worcester,MA,01608,https://www.mass.gov/locations/central-housing-court-worcester-session,True,True,no_change,local,Address matches mass.gov,,,,,,,,,,,,,,,,,,
housing_courts.json,Eastern Housing Court,H84,537,(617) 788-8485,,False,24 New Chardon St.,Boston,MA,02114,Suffolk County,"24 New Chardon St., Boston, MA 02114",Eastern Housing Court - Boston Session,0.94,24 New Chardon St.,,Boston,MA,02114,https://www.mass.gov/locations/eastern-housing-court-boston-session,True,True,no_change,local,Address matches mass.gov,,,,,,,,,,,,,,,,,,
housing_courts.json,Metro South Housing Court - Brockton Session,H82,1265,(508) 894-4170,(508) 894-4168,False,215 Main St.,Brockton,MA,02303,Plymouth County,"215 Main St., Suite 160, Brockton, MA 02303",Metro South Housing Court - Brockton Session ,1.30,215 Main St.,Suite 160,Brockton,MA,02301,https://www.mass.gov/locations/metro-south-housing-court-brockton-session,True,True,no_change,local,Address matches mass.gov,,,,,,,,,,,,,,,,,,
housing_courts.json,Metro South Housing Court - Canton Session,H82,1265,(508) 894-4170,(508) 894-4166,False,35 Shawmut Road,Canton,MA,02021,Norfolk County,"35 Shawmut Road, Canton, MA 02021",Metro South Housing Court - Canton Session ,1.30,35 Shawmut Road,,Canton,MA,02021,https://www.mass.gov/locations/metro-south-housing-court-canton-session,True,True,no_change,local,Address matches mass.gov,,,,,,,,,,,,,,,,,,
housing_courts.json,Northeast Housing Court - Lawrence Session,H77,516,(978) 689-7833,,False,2 Appleton St.,Lawrence,MA,01840,Essex County,"2 Appleton St., 2nd Floor, Lawrence, MA 01840",Northeast Housing Court - Lawrence Session,1.25,"2 Appleton St., 2nd Floor",,Lawrence,MA,01840,https://www.mass.gov/locations/northeast-housing-court-lawrence-session,True,True,no_change,local,Address matches mass.gov,,,,,,,,,,,,,,,,,,
housing_courts.json,Northeast Housing Court - Lowell Session,H77,516,(978) 689-7833,,False,370 Jackson St.,Lowell,MA,01852,Middlesex County,"370 Jackson St., Lowell, MA 01852",Northeast Housing Court - Lowell Session,1.30,370 Jackson Street,,Lowell,MA,01852,https://www.mass.gov/locations/northeast-housing-court-lowell-session,True,True,no_change,local,Address matches mass.gov,,,,,,,,,,,,,,,,,,
housing_courts.json,Northeast Housing Court - Lynn Session,H77,516,(978) 689-7833,,False,56 Federal,St. Salem,MA,01970,Essex County,"56 Federal St. , Salem, MA 01970",Northeast Housing Court - Lynn Session,1.15,56 Federal St. ,,Salem,MA,01970,https://www.mass.gov/locations/northeast-housing-court-lynn-session,True,False,no_change,local,Address matches mass.gov,,,,,,,,,,,,,,,,,,
housing_courts.json,Northeast Housing Court - Salem Session,H77,516,(978) 825-4920,,False,56 Federal,St. Salem,MA,01970,Essex County,"56 Federal St. , Salem, MA 01970",Northeast Housing Court - Salem Session,1.15,56 Federal St. ,,Salem,MA,01970,https://www.mass.gov/locations/northeast-housing-court-salem-session,True,False,no_change,local,Address matches mass.gov,,,,,,,,,,,,,,,,,,
housing_courts.json,Northeast Housing Court - Woburn Session,H77,516,(978) 689-7833,,False,200 Trade Center,Woburn,MA,01801,Middlesex County,"200 Trade Center, Courtroom 540 - 5th Floor, Woburn, MA 01801",Northeast Housing Court - Woburn Session,1.30,200 Trade Center,,Woburn,MA,01801,https://www.mass.gov/locations/northeast-housing-court-woburn-session,True,True,no_change,local,Address matches mass.gov,,,,,,,,,,,,,,,,,,
housing_courts.json,Southeast Housing Court - Fall River Session,H83,555:FR,(508) 677-1505,(508) 672-9621,False,289 Rock St.,Fall River,MA,02720,Bristol County,"289 Rock St., Fall River, MA 02720",Southeast Housing Court - Fall River Session,1.30,289 Rock St.,,Fall River,MA,02720,https://www.mass.gov/locations/southeast-housing-court-fall-river-session,True,True,no_change,local,Address matches mass.gov,,,,,,,,,,,,,,,,,,
housing_courts.json,Southeast Housing Court - New Bedford Session,H83,555:NB,(508) 994-0156,(508) 994-7538,False,139 Hathaway Road,New Bedford,MA,02746,Bristol County,"139 Hathaway Road, New Bedford, MA 02746",Southeast Housing Court - New Bedford Session,1.30,139 Hathaway Road,,New Bedford,MA,02746,https://www.mass.gov/locations/southeast-housing-court-new-bedford-session,True,True,no_change,local,Address matches mass.gov,,,,,,,,,,,,,,,,,,
housing_courts.json,Southeast Housing Court - Plymouth Session,H83,555:PL,(508) 747-8550,(508) 747-2017,False,52 Obery St.,Plymouth,MA,02360,Plymouth County,"52 Obery St., Plymouth, MA 02360",Southeast Housing Court - Plymouth Session,1.30,52 Obery St.,,Plymouth,MA,02360,https://www.mass.gov/locations/southeast-housing-court-plymouth-session,True,True,no_change,local,Address matches mass.gov,,,,,,,,,,,,,,,,,,
housing_courts.json,Southeast Housing Court - Taunton Session,H83,555:TA,(508) 977-4950,(508) 977-0485,False,40 Broadway,Taunton,MA,02780,Bristol County,"40 Broadway, Taunton, MA 02780",Southeast Housing Court - Taunton Session,1.30,40 Broadway,,Taunton,MA,02780,https://www.mass.gov/locations/southeast-housing-court-taunton-session,True,True,no_change,local,Address matches mass.gov,,,,,,,,,,,,,,,,,,
housing_courts.json,Western Housing Court - Greenfield Session,H79,527,(413) 748-7838,(413) 732-4607,False,43 Hope St.,Greenfield,MA,01301,Franklin County,"43 Hope St., Greenfield, MA 01301",Western Housing Court - Greenfield Session,1.30,43 Hope St.,,Greenfield,MA,01301,https://www.mass.gov/locations/western-housing-court-greenfield-session,True,True,no_change,local,Address matches mass.gov,,,,,,,,,,,,,,,,,,
housing_courts.json,Western Housing Court - Hadley Session,H79,527,(413) 748-7838 ,(413) 732-4607 ,False,116 Russell St.,Hadley,MA,01035,Hampshire County,"116 Russell St., Hadley, MA 01035",Western Housing Court - Hadley Session,1.30,116 Russell St.,,Hadley,MA,01035,https://www.mass.gov/locations/western-housing-court-hadley-session,True,True,no_change,local,Address matches mass.gov,,,,,,,,,,,,,,,,,,
housing_courts.json,Western Housing Court - Pittsfield Session,H79,527,(413) 748-7838 ,(413) 732-4607 ,False,76 East St.,Pittsfield,MA,01201,Berkshire County,"76 East St. , Room 2, Pittsfield, MA 01201",Western Housing Court - Pittsfield Session,1.30,76 East St. ,Room 2,Pittsfield,MA,01201,https://www.mass.gov/locations/western-housing-court-pittsfield-session,True,True,no_change,local,Address matches mass.gov,,,,,,,,,,,,,,,,,,
housing_courts.json,Western Housing Court - Springfield Session,H79,527,(413) 748-7838,(413) 732-4607,True,"37 Elm Street, P.O. Box 559",Springfield,MA,01102,Hampden County,"37 Elm Street, P.O. Box 559, Springfield, MA 01102",Western Housing Court - Springfield Session,1.25,37 Elm Street,,Springfield,MA,01102,https://www.mass.gov/locations/western-housing-court-springfield-session,True,True,no_change,local,Address matches mass.gov,,,,,,,,,,,,,,,,,,
housing_courts.json,Eastern Housing Court - Middlesex Session,H84,537,(617) 788-8485,,False,175 Fellsway,Somerville,MA,02145,Middlesex County,"175 Fellsway, Somerville, MA 02145",Eastern Housing Court - Middlesex Session,1.30,175 Fellsway,,Somerville,MA,02145,https://www.mass.gov/locations/eastern-housing-court-middlesex-session,True,True,no_change,local,Address matches mass.gov,,,,,,,,,,,,,,,,,,
housing_courts.json,Southeast Housing Court - Barnstable session,H83,555:CI,(508)375-6967,(508)362-0290,True,3195 Main Street,Barnstable,MA,02630,Barnstable County,"3195 Main Street, Barnstable, MA 02630",Southeast Housing Court – Barnstable Session,1.27,3195 Main Street,,Barnstable,MA,02630,https://www.mass.gov/locations/southeast-housing-court-barnstable-session,True,True,no_change,local,Address matches mass.gov,,,,,,,,,,,,,,,,,,
housing_courts.json,Eastern Housing Court - Chelsea Session,H84,537,(617)788-8485,,False,"120 Broadway, Chelsea, MA 02150",Chelsea,MA,02150,Chelsea,"120 Broadway, Chelasea, MA 02150",Eastern Housing Court - Chelsea Session,1.25,120 Broadway,,Chelsea,MA,02150,https://www.mass.gov/locations/eastern-housing-court-chelsea-session,True,True,no_change,local,Address matches mass.gov,,,,,,,,,,,,,,,,,,
juvenile_courts.json,Attleboro Juvenile Court,J34,,(508) 222-5350,,False,88 North Main St.,Attleboro,MA,02703,Bristol County,"88 North Main St., Attleboro, MA 02703",Attleboro Juvenile Court,1.30,88 North Main St.,,Attleboro,MA,02703,https://www.mass.gov/locations/attleboro-juvenile-court,True,True,no_change,local,Address matches mass.gov,,,,,,,,,,,,,,,,,,
juvenile_courts.json,Barnstable Juvenile Court,J25,,(508) 362-1389,,True,"3195 Main Street, P.O. Box 427",Barnstable,MA,02630,Barnstable County,"3195 Main Street, P.O. Box 427, Barnstable, MA 02630",Barnstable Juvenile Court,1.25,3195 Main Street,P.O. Box 427,Barnstable,MA,02630,https://www.mass.gov/locations/barnstable-juvenile-court,True,True,no_change,local,Address matches mass.gov,,,,,,,,,,,,,,,,,,
juvenile_courts.json,Belchertown Juvenile Court,J46,,(413) 323-4056,,False,205 State St.,Belchertown,MA,01007,Hampshire County,"205 State St., Belchertown, MA 01007",Belchertown Juvenile Court,1.30,205 State St.,,Belchertown,MA,01007,https://www.mass.gov/locations/belchertown-juvenile-court,True,True,no_change,local,Address matches mass.gov,,,,,,,,,,,,,,,,,,
juvenile_courts.json,Boston Juvenile Court,71,,(617) 788-8525,(617) 788-8991,True,"24 New Chardon St., P.O. Box 9663",Boston,MA,02114,Suffolk County,"24 New Chardon St., P.O. Box 9663, Boston, MA 02114",Boston Juvenile Court,1.25,24 New Chardon St.,P.O. Box 9663,Boston,MA,02114,https://www.mass.gov/locations/boston-juvenile-court,True,True,no_change,local,Address matches mass.gov,,,,,,,,,,,,,,,,,,
juvenile_courts.json,Brockton Juvenile Court,J15,,(508) 897-4900,,False,215 Main St.,Brockton,MA,02301,Plymouth County,"215 Main St., Brockton, MA 02301",Brockton Juvenile Court,1.30,215 Main Street,#270,Brockton,MA,02301,https://www.mass.gov/locations/brockton-juvenile-court,True,True,no_change,local,Address matches mass.gov,,,,,,,,,,,,,,,,,,
juvenile_courts.json,Cambridge Juvenile Court,J52,,(617) 494-4100,,False,121 Third St.,Cambridge,MA,02141,Middlesex County,"121 Third St., Cambridge, MA 02141",Cambridge Juvenile Court,1.30,121 Third St.,,Cambridge,MA,02141,https://www.mass.gov/locations/cambridge-juvenile-court,True,True,no_change,local,Address matches mass.gov,,,,,,,,,,,,,,,,,,
juvenile_courts.json,Chelsea Juvenile Court,J14,,(617) 660-9225,(617) 660-9222,False,120 Broadway,Chelsea,MA,02150,Suffolk County,"120 Broadway, Chelsea, MA 02150",Chelsea Juvenile Court,1.30,120 Broadway,,Chelsea,MA,02150,https://www.mass.gov/locations/chelsea-juvenile-court,True,True,no_change,local,Address matches mass.gov,,,,,,,,,,,,,,,,,,
juvenile_courts.json,Dedham Juvenile Court,J54,,(781) 329-1500,,False,55 Allied Drive,Dedham,MA,02026,Norfolk County,"55 Allied Drive, Dedham, MA 02026",Dedham Juvenile Court,1.30,55 Allied Drive,,Dedham,MA,02026,https://www.mass.gov/locations/dedham-juvenile-court,True,True,no_change,local,Address matches mass.gov,,,,,,,,,,,,,,,,,,
juvenile_courts.json,Dorchester Juvenile Court,J7,,(617) 288-9500 x400,(617) 436-3595,False,510 Washington St.,Dorchester,MA,02124,Suffolk County,"510 Washington St., Dorchester, MA 02124",Dorchester Juvenile Court,1.30,510 Washington St.,,Dorchester,MA,02124,https://www.mass.gov/locations/dorchester-juvenile-court,True,True,no_change,local,Address matches mass.gov,,,,,,,,,,,,,,,,,,
juvenile_courts.json,Dudley Juvenile Court,J64,,(508) 949-3070,,False,279 West Main Street,Dudley,MA,01571,Worcester County,"279 West Main Street, Dudley, MA 01571",Dudley Juvenile Court,1.30,279 West Main Street,,Dudley,MA,01571,https://www.mass.gov/locations/dudley-juvenile-court,True,True,no_change,massgov,Mass.gov location page lists 279 West Main Street. Updated locally.,279 West Main Street,,Dudley,MA,01571,Mass.gov Dudley Juvenile Court location page,https://www.mass.gov/locations/dudley-juvenile-court,Mass.gov location page lists 279 West Main Street. Updated locally.,,,,,,Dudley Courthouse | Worcester County District Attorney's Office,https://worcesterda.wordpress.com/dudley-courthouse/,DA office lists Dudley District Court at 279 West Main Street; likely same courthouse. No local news source found that states the juvenile court address.,medium,no_change
juvenile_courts.json,Edgartown Juvenile Court,J35,,(508) 627-8983,,True,12 Mariner's Way,Edgartown,MA,02539,Dukes County,"12 Mariner's Way, Unit 4, PO Box 550, Edgartown, MA 02539",Edgartown Juvenile Court,1.10,12 Mariner’s Way,PO Box 550,Edgartown,MA,02539,https://www.mass.gov/locations/edgartown-juvenile-court,False,True,no_change,massgov,Mass.gov location page adds PO Box 550 and uses Mariner's Way. Updated locally.,12 Mariner's Way,PO Box 550,Edgartown,MA,02539,Mass.gov Edgartown Juvenile Court location page,https://www.mass.gov/locations/edgartown-juvenile-court,Mass.gov location page adds PO Box 550 and uses Mariner's Way. Updated locally.,,,,,,"DC Courts | Dukes County, MA",https://www.dukescounty.org/dc-courts,"County site lists Juvenile Court at PO Box 550 (12 Mariner's Way, Unit 4), Edgartown; matches mass.gov.",high,no_change
juvenile_courts.json,Fall River Juvenile Court,J32,,(508) 676-0090,,False,289 Rock St.,Fall River,MA,02720,Bristol County,"289 Rock St., 4th Floor, Fall River, MA 02720",Fall River Juvenile Court,1.30,289 Rock St.,4th Floor,Fall River,MA,02720,https://www.mass.gov/locations/fall-river-juvenile-court,True,True,no_change,local,Address matches mass.gov,,,,,,,,,,,,,,,,,,
juvenile_courts.json,Falmouth Juvenile Court,J89,,(508) 495-1696,,False,161 Jones Rd.,Falmouth,MA,02540,Barnstable County,"161 Jones Rd., Falmouth, MA 02540",Falmouth Juvenile Court,1.30,161 Jones Rd.,,Falmouth,MA,02540,https://www.mass.gov/locations/falmouth-juvenile-court,True,True,no_change,local,Address matches mass.gov,,,,,,,,,,,,,,,,,,
juvenile_courts.json,Fitchburg Juvenile Court,J16,,(978) 345-7620,,False,100 Elm Street,Fitchburg,MA,01420,Worcester County,"100 Elm Street, Fitchburg, MA 01420",Fitchburg Juvenile Court,1.30,100 Elm Street,,Fitchburg,MA,01420,https://www.mass.gov/locations/fitchburg-juvenile-court,True,True,no_change,massgov,Mass.gov location page lists 100 Elm Street. Updated locally.,100 Elm Street,,Fitchburg,MA,01420,Mass.gov Fitchburg Juvenile Court location page,https://www.mass.gov/locations/fitchburg-juvenile-court,Mass.gov location page lists 100 Elm Street. Updated locally.,,,,,,Fitchburg Courthouse | Worcester County District Attorney's Office,https://worcesterda.wordpress.com/fitchburg-courthouse/,DA office lists Fitchburg District Court at 100 Elm Street; likely same courthouse. No local news source found that states the juvenile court address.,medium,no_change
juvenile_courts.json,Framingham Juvenile Court,J49,,(508) 879-3561,,False,110 Mount Wayte Ave.,Framingham,MA,01702,Middlesex County,"110 Mount Wayte Ave., Framingham, MA 01702",Framingham Juvenile Court,1.30,110 Mount Wayte Ave.,,Framingham,MA,01702,https://www.mass.gov/locations/framingham-juvenile-court,True,True,no_change,local,Address matches mass.gov,,,,,,,,,,,,,,,,,,
juvenile_courts.json,Great Barrington Juvenile Court,J29,,(413) 528-3520,,False,9 Gilmore Ave.,Great Barrington,MA,01230,Berkshire County,"9 Gilmore Ave., Great Barrington, MA 01230",Great Barrington Juvenile Court,1.30,9 Gilmore Ave.,,Great Barrington,MA,01230,https://www.mass.gov/locations/great-barrington-juvenile-court,True,True,no_change,local,Address matches mass.gov,,,,,,,,,,,,,,,,,,
juvenile_courts.json,Greenfield Juvenile Court,J41,,(413) 775-0014,(413) 775-9201,False,43 Hope St.,Greenfield,MA,01302,Franklin County,"43 Hope St., Greenfield, MA 01302",Greenfield Juvenile Court,1.30,43 Hope St.,,Greenfield,MA,01302,https://www.mass.gov/locations/greenfield-juvenile-court,True,True,no_change,local,Address matches mass.gov,,,,,,,,,,,,,,,,,,
juvenile_courts.json,Hadley Juvenile Court,J45,,(413) 584-7686,(413) 587-0191,False,116 Russell St.,Hadley,MA,01035,Hampshire County,"116 Russell St., Route 9, Hadley, MA 01035",Hadley Juvenile Court,1.30,116 Russell St.,Route 9,Hadley,MA,01035,https://www.mass.gov/locations/hadley-juvenile-court,True,True,no_change,local,Address matches mass.gov,,,,,,,,,,,,,,,,,,
juvenile_courts.json,Hingham Juvenile Court,J58,,(781) 741-6007,,False,28 George Washington Blvd.,Hingham,MA,02043,Plymouth County,"28 George Washington Blvd., Hingham, MA 02043",Hingham Juvenile Court,1.30,28 George Washington Blvd.,,Hingham,MA,02043,https://www.mass.gov/locations/hingham-juvenile-court,True,True,no_change,local,Address matches mass.gov,,,,,,,,,,,,,,,,,,
juvenile_courts.json,Holyoke Juvenile Court,J17,,(413) 322-6700,,False,121 Elm Street,Holyoke,MA,01040,Hampden County,"121 Elm Street, Holyoke, MA 01040",Holyoke Juvenile Court,1.30,121 Elm Street,,Holyoke,MA,01040,https://www.mass.gov/locations/holyoke-juvenile-court,True,True,no_change,local,Address matches mass.gov,,,,,,,,,,,,,,,,,,
juvenile_courts.json,Lawrence Juvenile Court,J18,,(978) 725-4900 x2,,False,2 Appleton Street,Lawrence,MA,01840,Essex County,"Fenton Judicial Center, 2 Appleton Street, Lawrence, MA 01840",Lawrence Juvenile Court,1.30,2 Appleton Street,,Lawrence,MA,01840,https://www.mass.gov/locations/lawrence-juvenile-court,True,True,no_change,local,Address matches mass.gov,,,,,,,,,,,,,,,,,,
juvenile_courts.json,Lowell Juvenile Court,J11,,(978) 441-2630,,False,370 Jackson Street,Lowell,MA,01852,Middlesex County,"370 Jackson Street, Lowell, MA 01852",Lowell Juvenile Court,1.30,370 Jackson St.,,Lowell,MA,01852,https://www.mass.gov/locations/lowell-juvenile-court,True,True,no_change,local,Address matches mass.gov,,,,,,,,,,,,,,,,,,
juvenile_courts.json,Lynn Juvenile Court,J13,, (781) 586-0415 x4,,False,139 Central Ave.,Lynn,MA,01901,Essex County,"139 Central Ave., Lynn, MA 01901",Lynn Juvenile Court,1.30,139 Central Ave.,,Lynn,MA,01901,https://www.mass.gov/locations/lynn-juvenile-court,True,True,no_change,local,Address matches mass.gov,,,,,,,,,,,,,,,,,,
juvenile_courts.json,Milford Juvenile Court,J66,,(508) 478-8638,,True,161 West Street,Milford,MA,01757,Worcester County,"161 West Street, Route 140, P.O. Box 370, Milford, MA 01757",Milford Juvenile Court,1.25,"161 West Street, Route 140",P.O. Box 370,Milford,MA,01757,https://www.mass.gov/locations/milford-juvenile-court,True,True,no_change,massgov,Mass.gov location page adds Route 140 and P.O. Box 370. Updated locally.,"161 West Street, Route 140",P.O. Box 370,Milford,MA,01757,Mass.gov Milford Juvenile Court location page,https://www.mass.gov/locations/milford-juvenile-court,Mass.gov location page adds Route 140 and P.O. Box 370. Updated locally.,,,,,,Milford Courthouse | Worcester County District Attorney's Office,https://worcesterda.wordpress.com/milford-courthouse/,"DA office lists Milford District Court at 161 West Street, P.O. Box 370; likely same courthouse. No local news source found that states the juvenile court address.",medium,no_change
juvenile_courts.json,Nantucket Juvenile Court,J88,,,,False,16 Broad St.,Nantucket,MA,02554,Nantucket County,"16 Broad St., Nantucket, MA 02554",Nantucket Juvenile Court,1.30,16 Broad St.,,Nantucket,MA,02554,https://www.mass.gov/locations/nantucket-juvenile-court,True,True,no_change,local,Address matches mass.gov,,,,,,,,,,,,,,,,,,
juvenile_courts.json,New Bedford Juvenile Court,J33,,(508) 999-9700,,False,75 N. Sixth St.,New Bedford,MA,02740,Bristol County,"75 N. Sixth St., New Bedford, MA 02740",New Bedford Juvenile Court,1.30,75 N. Sixth St.,,New Bedford,MA,02740,https://www.mass.gov/locations/new-bedford-juvenile-court,True,True,no_change,local,Address matches mass.gov,,,,,,,,,,,,,,,,,,
juvenile_courts.json,Newburyport Juvenile Court,J22,,(978) 462-0617 x5,,False,"188 State St. Route 1, Traffic Circle",Newburyport,MA,01950,Essex County,"188 State St. , Route 1, Traffic Circle, Newburyport, MA 01950",Newburyport Juvenile Court,1.25,188 State St. ,"Route 1, Traffic Circle",Newburyport,MA,01950,https://www.mass.gov/locations/newburyport-juvenile-court,True,True,no_change,local,Address matches mass.gov,,,,,,,,,,,,,,,,,,
juvenile_courts.json,North Adams Juvenile Court,J28,,(413) 664-8700,413-664-7788,False,111 Holden St.,North Adams,MA,01247,Berkshire County,"111 Holden St., 2nd floor, North Adams, MA 01247",North Adams Juvenile Court,1.30,111 Holden St.,2nd floor,North Adams,MA,01247,https://www.mass.gov/locations/north-adams-juvenile-court,True,True,no_change,massgov,"Mass.gov location page lists 111 Holden St., 2nd floor. Updated locally.","111 Holden St., 2nd floor",,North Adams,MA,01247,Mass.gov North Adams Juvenile Court location page,https://www.mass.gov/locations/north-adams-juvenile-court,"Mass.gov location page lists 111 Holden St., 2nd floor. Updated locally.",,,,,,"Berkshire Eagle legal notice (Care and Protection, Termination of Parental Rights)",https://shoplocal.berkshireeagle.com/places/view/30273/the_commonwealth_of_massachusetts_juvenile_court_department.html,"2025 legal notice lists Berkshire County Juvenile Court at 111 Holden Street, North Adams. Berkshire DA site still lists Northern Berkshire Juvenile Court at 21 Holden Street; Spectrum News 1 reports the former juvenile court at 21 Holden Street, suggesting a move.",high,no_change
juvenile_courts.json,Orange Juvenile Court,J42,,(978) 544-5125,,False,1 Court Square,Orange,MA,01364,Franklin County,"1 Court Square, Orange, MA 01364",Orange Juvenile Court,1.30,1 Court Square,,Orange,MA,01364,https://www.mass.gov/locations/orange-juvenile-court,True,True,no_change,local,Address matches mass.gov,,,,,,,,,,,,,,,,,,
juvenile_courts.json,Orleans Juvenile Court,J26,,(508) 240-5044,,False,237 Rock Harbor Rd.,Orleans,MA,02653,Barnstable County,"237 Rock Harbor Rd., Orleans, MA 02653",Orleans Juvenile Court,1.30,237 Rock Harbor Rd.,,Orleans,MA,02653,https://www.mass.gov/locations/orleans-juvenile-court,True,True,no_change,local,Address matches mass.gov,,,,,,,,,,,,,,,,,,
juvenile_courts.json,Palmer Juvenile Court,J43,,(413) 283-1057,,False,235 Sykes Street,Palmer,MA,01069,Hampden County,"235 Sykes Street, Suite 3, Palmer, MA 01069",Palmer Juvenile Court,1.30,235 Sykes Street,Suite 3,Palmer,MA,01069,https://www.mass.gov/locations/palmer-juvenile-court,True,True,no_change,local,Address matches mass.gov,,,,,,,,,,,,,,,,,,
juvenile_courts.json,Pittsfield Juvenile Court,J27,,(413) 443-8533,413-443-8672,False,190 North Street,Pittsfield,MA,01201,Berkshire County,"190 North Street, Pittsfield, MA 01201",Pittsfield Juvenile Court,1.30,190 North Street,,Pittsfield,MA,01201,https://www.mass.gov/locations/pittsfield-juvenile-court,True,True,no_change,local,Address matches mass.gov,,,,,,,,,,,,,,,,,,
juvenile_courts.json,Plymouth Juvenile Court,J59,,(508) 747-0858,,False,52 Obery St.,Plymouth,MA,02360,Plymouth County,"52 Obery St., Suite 1092, Plymouth, MA 02360",Plymouth Juvenile Court,1.30,52 Obery St.,,Plymouth,MA,02360,https://www.mass.gov/locations/plymouth-juvenile-court,True,True,no_change,local,Address matches mass.gov,,,,,,,,,,,,,,,,,,
juvenile_courts.json,Quincy Juvenile Court,J56,,(617) 376-7505,,False,1 Dennis Ryan Parkway,Quincy,MA,02169,Norfolk County,"1 Dennis Ryan Parkway, Quincy, MA 02169",Quincy Juvenile Court,1.30,1 Dennis Ryan Parkway,,Quincy,MA,02169,https://www.mass.gov/locations/quincy-juvenile-court,True,True,no_change,local,Address matches mass.gov,,,,,,,,,,,,,,,,,,
juvenile_courts.json,Salem Juvenile Court,J36,,(978) 745-9660 x1,,False,56 Federal St.,Salem,MA,01970,Essex County,"56 Federal St., Salem, MA 01970",Salem Juvenile Court,1.30,56 Federal St.,,Salem,MA,01970,https://www.mass.gov/locations/salem-juvenile-court,True,True,no_change,local,Address matches mass.gov,,,,,,,,,,,,,,,,,,
juvenile_courts.json,Springfield Juvenile Court,J23,,(413) 748-7860,,False,80 State Street,Springfield,MA,01103,Hampden County,"80 State Street, Springfield, MA 01103",Springfield Juvenile Court,1.30,80 State Street,,Springfield,MA,01103,https://www.mass.gov/locations/springfield-juvenile-court,True,True,no_change,local,Address matches mass.gov,,,,,,,,,,,,,,,,,,
juvenile_courts.json,Springfield Juvenile Court,J69,,(413) 748-7860,,False,80 State Street,Springfield,MA,01103,Hampden County,"80 State Street, Springfield, MA 01103",Springfield Juvenile Court,1.30,80 State Street,,Springfield,MA,01103,https://www.mass.gov/locations/springfield-juvenile-court,True,True,no_change,local,Address matches mass.gov,,,,,,,,,,,,,,,,,,
juvenile_courts.json,Stoughton Juvenile Court,J55,,,,False,1288 Central St.,Stoughton,MA,02072,Norfolk County,"1288 Central St., Stoughton, MA 02072",Stoughton Juvenile Court,1.30,1288 Central St.,,Stoughton,MA,02072,https://www.mass.gov/locations/stoughton-juvenile-court,True,True,no_change,local,Address matches mass.gov,,,,,,,,,,,,,,,,,,
juvenile_courts.json,Taunton Juvenile Court,J31,,(508) 977-4910,,False,40 Broadway,Taunton,MA,02780,Bristol County,"40 Broadway, Suite 1521, Taunton, MA 02780",Taunton Juvenile Court,1.30,40 Broadway,,Taunton,MA,02780,https://www.mass.gov/locations/taunton-juvenile-court,True,True,no_change,local,Address matches mass.gov,,,,,,,,,,,,,,,,,,
juvenile_courts.json,Waltham Juvenile Court,J51,,(781) 899-7672,,False,38 Linden St.,Waltham,MA,02452,Middlesex County,"38 Linden St., Waltham, MA 02452",Waltham Juvenile Court,1.30,38 Linden St.,,Waltham,MA,02452,https://www.mass.gov/locations/waltham-juvenile-court,True,True,no_change,local,Address matches mass.gov,,,,,,,,,,,,,,,,,,
juvenile_courts.json,Wareham Juvenile Court,J60,,(508) 291-8407,,False,2200 Cranberry Highway,West Wareham,MA,02576,Plymouth County,"2200 Cranberry Highway, West Wareham, MA 02576",Wareham Juvenile Court,1.30,2200 Cranberry Highway,,West Wareham,MA,02576,https://www.mass.gov/locations/wareham-juvenile-court,True,True,no_change,local,Address matches mass.gov,,,,,,,,,,,,,,,,,,
juvenile_courts.json,West Roxbury Juvenile Court,J6,,(617) 971-1154,(617) 524-7335,False,445 Arborway,Jamaica Plain,MA,02130,Suffolk County,"445 Arborway, Jamaica Plain, MA 02130",West Roxbury Juvenile Court,1.30,445 Arborway,,Jamaica Plain,MA,02130,https://www.mass.gov/locations/west-roxbury-juvenile-court,True,True,no_change,local,Address matches mass.gov,,,,,,,,,,,,,,,,,,
juvenile_courts.json,Worcester Juvenile Court,J62,,(508) 831-2000,,False,225 Main Street,Worcester,MA,01608,Worcester County,"225 Main Street, Worcester, MA 01608",Worcester Juvenile Court,1.30,225 Main Street,,Worcester,MA,01608,https://www.mass.gov/locations/worcester-juvenile-court,True,True,no_change,local,Address matches mass.gov,,,,,,,,,,,,,,,,,,
land_court.json,Land Court,unknown,,,,False,3 Pemberton Square,Boston,MA,02108,Suffolk County,"3 Pemberton Square, Boston, MA 02108",Land Court,1.30,3 Pemberton Square,,Boston,MA,02108,https://www.mass.gov/locations/land-court,True,True,no_change,local,Address matches mass.gov,,,,,,,,,,,,,,,,,,
probate_and_family_courts.json,Barnstable Probate and Family Court,P72,,(508) 375-6710,(508) 362-3662,True,3195 Main St. P.O. Box 346,Barnstable,MA,02630,Barnstable County,"3195 Main St. , P.O. Box 346, Barnstable, MA 02630",Barnstable Probate and Family Court,1.25,3195 Main St. ,P.O. Box 346,Barnstable,MA,02630,https://www.mass.gov/locations/barnstable-probate-and-family-court,True,True,no_change,local,Address matches mass.gov,,,,,,,,,,,,,,,,,,
probate_and_family_courts.json,Berkshire Probate and Family Court,P76,,(413) 442-6941,(413) 443-3430,False,44 Bank Row,Pittsfield,MA,01201,Berkshire County,"44 Bank Row, Pittsfield, MA 01201",Berkshire Probate and Family Court,1.30,44 Bank Row,,Pittsfield,MA,01201,https://www.mass.gov/locations/berkshire-probate-and-family-court,True,True,no_change,local,Address matches mass.gov,,,,,,,,,,,,,,,,,,
probate_and_family_courts.json,Bristol Probate and Family Court,P73,,(508) 977-6040,,False,40 Broadway,Taunton,MA,02780,Bristol County,"40 Broadway, Suite 240, Taunton, MA 02780",Bristol Probate and Family Court,1.30,40 Broadway,Suite 240,Taunton,MA,02780,https://www.mass.gov/locations/bristol-probate-and-family-court,True,True,no_change,local,Address matches mass.gov,,,,,,,,,,,,,,,,,,
probate_and_family_courts.json,Brockton Probate and Family Court,P83,,(508) 897-5400,(508) 584-4142,False,215 Main St.,Brockton,MA,02303,Plymouth County,"215 Main St., Brockton, MA 02303",Brockton Probate and Family Court,1.30,215 Main St.,,Brockton,MA,02303,https://www.mass.gov/locations/brockton-probate-and-family-court,True,True,no_change,local,Address matches mass.gov,,,,,,,,,,,,,,,,,,
probate_and_family_courts.json,Dukes Probate and Family Court,P74,,(508) 627-4703,(508) 627-7664,True,"81 Main St., P.O. Box 237",Edgartown,MA,02539,Dukes County,"81 Main St., P.O. Box 237, Edgartown, MA 02539",Dukes Probate and Family Court,1.25,81 Main St.,P.O. Box 237,Edgartown,MA,02539,https://www.mass.gov/locations/dukes-probate-and-family-court,True,True,no_change,local,Address matches mass.gov,,,,,,,,,,,,,,,,,,
probate_and_family_courts.json,Essex Probate and Family Court,P77,,(978) 744-1020,,False,36 Federal St.,Salem,MA,01970,Essex County,"36 Federal St., Salem, MA 01970",Essex Probate and Family Court,1.30,36 Federal St.,,Salem,MA,01970,https://www.mass.gov/locations/essex-probate-and-family-court,True,True,no_change,local,Address matches mass.gov,,,,,,,,,,,,,,,,,,
probate_and_family_courts.json,Lawrence Probate and Family Court,P77,,(978) 686-9692,,False,2 Appleton St.,Lawrence,MA,01840,Essex County,"2 Appleton St., Lawrence, MA 01840 ",Lawrence Probate and Family Court,1.30,2 Appleton St.,,Lawrence,MA,01840,https://www.mass.gov/locations/lawrence-probate-and-family-court,True,True,no_change,local,Address matches mass.gov,,,,,,,,,,,,,,,,,,
probate_and_family_courts.json,Franklin Probate and Family Court,P78,,(413) 774-7011,(413) 774-3829,False,"43 Hope St., PO Box 590",Greenfield,MA,01302,Franklin County,"43 Hope St., PO Box 590, Greenfield, MA 01302",Franklin Probate and Family Court,1.25,43 Hope St.,P.O. Box 590,Greenfield,MA,01302,https://www.mass.gov/locations/franklin-probate-and-family-court,True,True,no_change,local,Address matches mass.gov,,,,,,,,,,,,,,,,,,
probate_and_family_courts.json,Hampden Probate and Family Court,P79,,(413) 748-7760,(413) 781-5605,True,"50 State St., P.O. Box 559",Springfield,MA,01102,Hampden County,"50 State St., P.O. Box 559, Springfield, MA 01102",Hampden Probate and Family Court,1.25,50 State St.,P.O. Box 559,Springfield,MA,01102,https://www.mass.gov/locations/hampden-probate-and-family-court,True,True,no_change,local,Address matches mass.gov,,,,,,,,,,,,,,,,,,
probate_and_family_courts.json,Hampshire Probate and Family Court,P80,,(413) 586-8500,(413) 584-1132,False,15 Atwood Dr,Northampton,MA,01060,Hampshire County,"15 Atwood Dr, Northampton, MA 01060",Hampshire Probate and Family Court,1.30,15 Atwood Dr.,,Northampton,MA,01060,https://www.mass.gov/locations/hampshire-probate-and-family-court,True,True,no_change,local,Address matches mass.gov,,,,,,,,,,,,,,,,,,
probate_and_family_courts.json,Middlesex Probate and Family Court - South,P81,,(781) 865-4000,(781) 528-2318,False,10-U Commerce Way,Woburn,MA,01801,Middlesex County,"10-U Commerce Way, Woburn, MA 01801",Middlesex Probate and Family Court South - Woburn,1.08,10-U Commerce Way,,Woburn,MA,01801,https://www.mass.gov/locations/middlesex-probate-and-family-court-south-woburn,True,True,no_change,local,Address matches mass.gov,,,,,,,,,,,,,,,,,,
probate_and_family_courts.json,Middlesex Probate and Family Court - North,P81,,(978) 656-7700,(978) 619-1014,False,"370 Jackson Street, 5th floor",Lowell,MA,01852,Middlesex County,"370 Jackson Street, 5th floor, Lowell, MA 01852",Middlesex Probate and Family Court North - Lowell,1.03,370 Jackson Street,5th floor,Lowell,MA,01852,https://www.mass.gov/locations/middlesex-probate-and-family-court-north-lowell,True,True,no_change,local,Address matches mass.gov,,,,,,,,,,,,,,,,,,
probate_and_family_courts.json,Nantucket Probate and Family Court,P75,,(508) 228-2669,(508) 228-3662,True,16 Broad St.,Nantucket,MA,02554,Nantucket County,"16 Broad St., 2nd floor, P.O. Box 1116, Nantucket, MA 02554",Nantucket Probate and Family Court,1.30,16 Broad St.,"2nd floor, P.O. Box 1116",Nantucket,MA,02554,https://www.mass.gov/locations/nantucket-probate-and-family-court,True,True,no_change,massgov,"Mass.gov location page lists 16 Broad St., 2nd floor, P.O. Box 1116. Updated locally.","16 Broad St., 2nd floor",P.O. Box 1116,Nantucket,MA,02554,Mass.gov Nantucket Probate and Family Court location page,https://www.mass.gov/locations/nantucket-probate-and-family-court,"Mass.gov location page lists 16 Broad St., 2nd floor, P.O. Box 1116. Updated locally.",,,,,,A Safe Place Nantucket - Local resources,https://asafeplacenantucket.org/resources/local,"Local nonprofit resource list shows Nantucket Probate and Family Court at 16 Broad St., Nantucket; no local news source found that states the courthouse address.",medium,no_change
probate_and_family_courts.json,Norfolk Probate and Family Court,P82,,(781) 830-1200,(781) 830-4310,False,35 Shawmut Road,Canton,MA,02021,Norfolk County,"35 Shawmut Road, Canton, MA 02021",Norfolk Probate and Family Court,1.30,35 Shawmut Road,,Canton,MA,02021,https://www.mass.gov/locations/norfolk-probate-and-family-court,True,True,no_change,local,Address matches mass.gov,,,,,,,,,,,,,,,,,,
probate_and_family_courts.json,Plymouth Probate and Family Court,P83,,(508) 747-6204,(508) 746-6846,False,52 Obery St.,Plymouth,MA,02360,Plymouth County,"52 Obery St., Plymouth, MA 02360",Plymouth Probate and Family Court,1.30,52 Obery St.,,Plymouth,MA,02360,https://www.mass.gov/locations/plymouth-probate-and-family-court,True,True,no_change,local,Address matches mass.gov,,,,,,,,,,,,,,,,,,
probate_and_family_courts.json,Suffolk Probate and Family Court,P84,,(617) 788-8301,(617) 788-8962,False,24 New Chardon St.,Boston,MA,02114,Suffolk County,"24 New Chardon St., Boston , MA 02114",Suffolk Probate and Family Court,1.30,24 New Chardon St.,,Boston ,MA,02114,https://www.mass.gov/locations/suffolk-probate-and-family-court,True,True,no_change,local,Address matches mass.gov,,,,,,,,,,,,,,,,,,
probate_and_family_courts.json,Worcester Probate and Family Court,P85,,(508) 831-2200,(508) 752-6138,False,225 Main Street,Worcester,MA,01608,Worcester County,"225 Main Street, Worcester, MA 01608",Worcester Probate and Family Court,1.30,225 Main Street ,,Worcester,MA,01608,https://www.mass.gov/locations/worcester-probate-and-family-court,True,True,no_change,local,Address matches mass.gov,,,,,,,,,,,,,,,,,,
probate_and_family_courts.json,Fall River Probate and Family Court ,P73,,(508) 672-1751,,False,289 Rock St.,Fall River,MA,02720,Bristol County,"289 Rock Street, Fall River, MA 02720",Fall River Probate and Family Court,1.30,289 Rock Street,,Fall River,MA,02720,https://www.mass.gov/locations/fall-river-probate-and-family-court,True,True,no_change,local,Address matches mass.gov,,,,,,,,,,,,,,,,,,
probate_and_family_courts.json,New Bedford Probate and Family Court,P73,,(508) 999-5249,(508) 999-1211,False,505 Pleasant St,New Bedford,MA,02740,Bristol County,"505 Pleasant Street, New Bedford, MA 02740",New Bedford Probate and Family Court,1.30,505 Pleasant Street,,New Bedford,MA,02740,https://www.mass.gov/locations/new-bedford-probate-and-family-court,True,True,no_change,local,Address matches mass.gov,,,,,,,,,,,,,,,,,,
superior_courts.json,Barnstable County Superior Court,72,,(508) 375-6684,,True,"3195 Main St., P.O. Box 425",Barnstable,MA,02630,Barnstable County,"3195 Main St., P.O. Box 425,  Barnstable, MA 02630",Barnstable County Superior Court,1.25,3195 Main Street,P.O. Box 425,Barnstable,MA,02630,https://www.mass.gov/locations/barnstable-county-superior-court,True,True,no_change,local,Address matches mass.gov,,,,,,,,,,,,,,,,,,
superior_courts.json,Berkshire County Superior Court,76,,(413) 499-7487,(413) 442-9190,False,76 East St.,Pittsfield,MA,01201,Berkshire County,"76 East St., Pittsfield, MA 01201",Berkshire County Superior Court,1.30,76 East St.,,Pittsfield,MA,01201,https://www.mass.gov/locations/berkshire-county-superior-court,True,True,no_change,local,Address matches mass.gov,,,,,,,,,,,,,,,,,,
superior_courts.json,Bristol County Superior Court,73,,(508) 823-6588,(508) 821-9563 ,False,9 Court St.,Taunton,MA,02780,Bristol County,"9 Court St., Taunton, MA 02780",Bristol County Superior Court,1.30,9 Court St.,,Taunton,MA,02780,https://www.mass.gov/locations/bristol-county-superior-court,True,True,no_change,local,Address matches mass.gov,,,,,,,,,,,,,,,,,,
superior_courts.json,Bristol County Superior Court,73,,(508) 491-3300,(508) 821-9563,False,186 S. Main St.,Fall River,MA,02720,Bristol County,"186 S. Main St., Fall River, MA 02720",Bristol County Superior Court-Fall River,1.03,186 S. Main St.,,Fall River,MA,02721,https://www.mass.gov/locations/bristol-county-superior-court-fall-river,True,True,no_change,local,Address matches mass.gov,,,,,,,,,,,,,,,,,,
superior_courts.json,Bristol County Superior Court,73,,(508) 996-2051,,False,441 County St.,New Bedford,MA,02740,Bristol County,"441 County St., 1st Floor, New Bedford, MA 02740",Bristol County Superior Court-New Bedford,1.02,441 County St.,1st Floor,New Bedford,MA,02740,https://www.mass.gov/locations/bristol-county-superior-court-new-bedford,True,True,no_change,local,Address matches mass.gov,,,,,,,,,,,,,,,,,,
superior_courts.json,Dukes County Superior Court,74,,(508) 627-4668,,True,"81 Main St., P.O. Box 1267",Edgartown,MA,02539,Dukes County,"81 Main St., P.O. Box 1267, Edgartown, MA 02539",Dukes County Superior Court,1.25,81 Main Street,P.O. Box 1267,Edgartown,MA,02539,https://www.mass.gov/locations/dukes-county-superior-court,True,True,no_change,local,Address matches mass.gov,,,,,,,,,,,,,,,,,,
superior_courts.json,Essex County Superior Court,77,,(978) 744-5500 ,(978) 741-0691,False,56 Federal St.,Salem,MA,01970,Essex County,"56 Federal St., Salem, MA 01970",Essex County Superior Court,1.30,56 Federal St.,,Salem,MA,01970,https://www.mass.gov/locations/essex-county-superior-court,True,True,no_change,local,Address matches mass.gov,,,,,,,,,,,,,,,,,,
superior_courts.json,Essex County Superior Court,77,,(978) 242-1900,(978) 687-7869 ,False,43 Appleton Way,Lawrence,MA,01841,Essex County,"43 Appleton Way, Lawrence, MA 01841",Essex County Superior Court - Lawrence,1.09,43 Appleton Way,,Lawrence,MA,01841,https://www.mass.gov/locations/essex-county-superior-court-lawrence,True,True,no_change,local,Address matches mass.gov,,,,,,,,,,,,,,,,,,
superior_courts.json,Essex County Superior Court,77,,(978) 462-4474,(978) 462-0432,False,145 High St.,Newburyport,MA,01950,Essex County,"145 High St., Newburyport, MA 01950",Essex County Superior Court - Newburyport,1.05,145 High St.,,Newburyport,MA,01950,https://www.mass.gov/locations/essex-county-superior-court-newburyport,True,True,no_change,local,Address matches mass.gov,,,,,,,,,,,,,,,,,,
superior_courts.json,Franklin County Superior Court,78,,(413) 775-7400,(413) 774-4770 ,False,43 Hope St.,Greenfield,MA,01301,Franklin County,"43 Hope St., Greenfield, MA 01301",Franklin County Superior Court,1.30,43 Hope St.,,Greenfield,MA,01301,https://www.mass.gov/locations/franklin-county-superior-court,True,True,no_change,local,Address matches mass.gov,,,,,,,,,,,,,,,,,,
superior_courts.json,Hampden County Superior Court,79,,(413) 735-6016,(413) 737-1611,True,"50 State St., P.O. Box 559",Springfield,MA,01102,Hampden County,"50 State St., P.O. Box 559, Springfield, MA 01102",Hampden County Superior Court,1.25,50 State St.,,Springfield,MA,01103,https://www.mass.gov/locations/hampden-county-superior-court,True,True,no_change,local,Address matches mass.gov,,,,,,,,,,,,,,,,,,
superior_courts.json,Hampshire County Superior Court,80,,(413) 584-5810,(413) 586-8217,True,"15 Gothic St., P.O. Box 1119",Northampton,MA,01061,Hampshire County,"15 Gothic St., P.O. Box 1119, Northampton, MA 01061",Hampshire County Superior Court,1.25,15 Gothic St.,,Northampton,MA,01061,https://www.mass.gov/locations/hampshire-county-superior-court,True,True,no_change,local,Address matches mass.gov,,,,,,,,,,,,,,,,,,
superior_courts.json,Middlesex County Superior Court,81,,(781) 939-2700,,False,200 Tradecenter Drive,Woburn,MA,01801,Middlesex County,"200 Tradecenter Drive, 2nd Floor, Woburn, MA 01801",Middlesex County Superior Court,1.30,200 Tradecenter Drive,2nd Floor,Woburn,MA,01801,https://www.mass.gov/locations/middlesex-county-superior-court,True,True,no_change,massgov,Mass.gov location page lists Tradecenter Drive and 2nd Floor. Updated locally.,"200 Tradecenter Drive, 2nd Floor",,Woburn,MA,01801,Mass.gov Middlesex County Superior Court location page,https://www.mass.gov/locations/middlesex-county-superior-court,Mass.gov location page lists Tradecenter Drive and 2nd Floor. Updated locally.,,,,,,Middlesex Superior Court renews lease in Woburn | Patch,https://patch.com/massachusetts/woburn/middlesex-superior-court-renews-lease-in-woburn,Local news notes Middlesex Superior Court at TradeCenter 128 campus in Woburn; no street address given.,medium,no_change
superior_courts.json,Middlesex County Superior Court,81,,(978) 656-7800,,False,370 Jackson St.,Lowell,MA,01852,Middlesex County,"370 Jackson St., Lowell, MA 01852",Middlesex County Superior Court - Lowell,1.15,370 Jackson St.,,Lowell,MA,01852,https://www.mass.gov/locations/middlesex-county-superior-court-lowell,True,True,no_change,local,Address matches mass.gov,,,,,,,,,,,,,,,,,,
superior_courts.json,Nantucket County Superior Court,75,,(508) 228-2559,(508) 228-3725,False,16 Broad St.,Nantucket,MA,02544,,"16 Broad St., Nantucket, MA 02544",Nantucket County Superior Court,1.30,16 Broad St.,,Nantucket,MA,02554,https://www.mass.gov/locations/nantucket-county-superior-court,True,True,no_change,local,Address matches mass.gov,,,,,,,,,,,,,,,,,,
superior_courts.json,Norfolk County Superior Court,82,,(781) 326-1600,,False,650 High Street,Dedham,MA,02026,Norfolk County,"650 High Street, Dedham, MA 02026",Norfolk County Superior Court,1.30,649 High St.,,Dedham,MA,02026,https://www.mass.gov/locations/norfolk-county-superior-court,True,True,no_change,local,Address matches mass.gov,,,,,,,,,,,,,,,,,,
superior_courts.json,Plymouth County Superior Court,83,,(508) 747-8400,(508) 830-0676,False,52 Obery St.,Plymouth,MA,02630,Barnstable County,"52 Obery St., Plymouth, MA 02630",Plymouth County Superior Court,1.30,52 Obery St.,,Plymouth,MA,02630,https://www.mass.gov/locations/plymouth-county-superior-court,True,True,no_change,local,Address matches mass.gov,,,,,,,,,,,,,,,,,,
superior_courts.json,Plymouth County Superior Court,83,,(508) 583-8250,(508) 584-5639,False,72 Belmont St.,Brockton,MA,02301,Plymouth County,"72 Belmont St., Brockton, MA 02301",Plymouth County Superior Court - Brockton,1.11,72 Belmont St.,,Brockton,MA,02301,https://www.mass.gov/locations/plymouth-county-superior-court-brockton,True,True,no_change,local,Address matches mass.gov,,,,,,,,,,,,,,,,,,
superior_courts.json,Suffolk County Superior Court,84,,(617) 788-8175,,False,3 Pemberton Square,Boston,MA,02108,Suffolk County,"3 Pemberton Square, Boston, MA 02108",Suffolk County Superior Court,1.30,3 Pemberton Square,14th Floor,Boston,MA,02108,https://www.mass.gov/locations/suffolk-county-superior-court,True,True,no_change,local,Address matches mass.gov,,,,,,,,,,,,,,,,,,
superior_courts.json,Worcester County Superior Court,85,,(508) 831-2000,(508) 798-3216,False,225 Main St.,Worcester,MA,01608,Worcester County,"225 Main St., Worcester, MA 01608",Worcester County Superior Court,1.30,225 Main St.,,Worcester,MA,01608,https://www.mass.gov/locations/worcester-county-superior-court,True,True,no_change,local,Address matches mass.gov,,,,,,,,,,,,,,,,,,
supreme_judicial_court.json,Supreme Judicial Court,SJ,sjc,(617) 557-1000,,False,1 Pemberton Square,Boston,MA,02108,Suffolk County,"John Adams Courthouse, 1 Pemberton Square, Suite 2500, Boston, MA 02108",,,,,,,,,False,False,no_change,massgov,Mass.gov org page lists Suite 2500 at John Adams Courthouse. Updated locally.,"John Adams Courthouse, 1 Pemberton Square, Suite 2500",,Boston,MA,02108,Mass.gov Supreme Judicial Court org page,https://www.mass.gov/orgs/massachusetts-supreme-judicial-court,Mass.gov org page lists Suite 2500 at John Adams Courthouse. Updated locally.,,,,,,,,No local news source found that states the SJC address.,n/a,no_change
